Title,Company,Location,Date Posted,Job URL
Sales Assistant,Endureed by Global Innovation,USA,"June 26, 2026",https://remotive.com/remote-jobs/sales/sales-assistant-2091038
Mid/Senior AI Cinematic Video Editor,EverAI,Worldwide,"June 24, 2026",https://remotive.com/remote-jobs/all-others/mid-senior-ai-cinematic-video-editor-2091035
Senior Product Manager,Lemon.io,"Americas, Europe, Asia, Oceania","June 24, 2026",https://remotive.com/remote-jobs/product/senior-product-manager-2090984
Staff Product Engineer (São Paulo),LawnStarter,Brazil,"June 23, 2026",https://remotive.com/remote-jobs/product/staff-product-engineer-sao-paulo-2091000
Senior Quality Engineer (Florianópolis),LawnStarter,Brazil,"June 23, 2026",https://remotive.com/remote-jobs/qa/senior-quality-engineer-florianopolis-2090994
Senior Quality Engineer (São Paulo),LawnStarter,Brazil,"June 23, 2026",https://remotive.com/remote-jobs/qa/senior-quality-engineer-sao-paulo-2090995
Senior Quality Engineer (Belo Horizonte),LawnStarter,Brazil,"June 23, 2026",https://remotive.com/remote-jobs/qa/senior-quality-engineer-belo-horizonte-2090996
Senior Quality Engineer (Campinas),LawnStarter,Brazil,"June 23, 2026",https://remotive.com/remote-jobs/qa/senior-quality-engineer-campinas-2090998
Senior Quality Engineer (Porto Alegre),LawnStarter,Brazil,"June 23, 2026",https://remotive.com/remote-jobs/qa/senior-quality-engineer-porto-alegre-2090997
Mid/Senior AI Cinematic Video Editor,EverAI,Worldwide,"June 19, 2026",https://remotive.com/remote-jobs/artificial-intelligence/mid-senior-ai-cinematic-video-editor-2090887
Senior Independent AI Engineer / Architect,A.Team,"Americas, Europe, Israel","June 16, 2026",https://remotive.com/remote-jobs/software-development/senior-independent-ai-engineer-architect-1919266
Senior Independent Software Developer,A.Team,"Americas, Europe, Israel","June 16, 2026",https://remotive.com/remote-jobs/software-development/senior-independent-software-developer-1919265
Frontend Developer,Quinncia Inc,Worldwide,"June 16, 2026",https://remotive.com/remote-jobs/software-development/frontend-developer-2090991
Tech Lead Full-Stack Rails Engineer,Mitre Media,"USA, Canada, USA timezones","June 14, 2026",https://remotive.com/remote-jobs/software-development/tech-lead-full-stack-rails-engineer-2069746
Assistant Account Payable,The Obesity Society,USA,"June 12, 2026",https://remotive.com/remote-jobs/medical/assistant-account-payable-2090989
Head of Engineering,Lemon.io,"LATAM, Europe, Central America","June 12, 2026",https://remotive.com/remote-jobs/software-development/head-of-engineering-2090983
Office Assistant,Coalition Technologies,Worldwide,"June 11, 2026",https://remotive.com/remote-jobs/marketing/office-assistant-1680495
Quality Assurance Rater - German (Germany),TELUS Digital,Germany,"June 11, 2026",https://remotive.com/remote-jobs/all-others/quality-assurance-rater-german-germany-2090988
Senior Data Scientist,Lemon.io,"Americas, Europe, Asia, Oceania","June 11, 2026",https://remotive.com/remote-jobs/data/senior-data-scientist-2090982
iOS Developer,nooro,USA,"June 09, 2026",https://remotive.com/remote-jobs/software-development/ios-developer-1956455
High-Ticket Financial Sales Specialist & Team Lead Track,FSE LLC,Worldwide,"June 09, 2026",https://remotive.com/remote-jobs/sales/high-ticket-financial-sales-specialist-team-lead-track-2090949
Inside Sales Contractor,"Credit Wellness, LLC",Worldwide,"June 08, 2026",https://remotive.com/remote-jobs/sales/inside-sales-contractor-2086540
Online Data Analyst Canada (French Language),TELUS Digital,Canada,"June 04, 2026",https://remotive.com/remote-jobs/all-others/online-data-analyst-canada-french-language-2090945
Online Data Analyst United States Spanish speakers,TELUS Digital,USA,"June 04, 2026",https://remotive.com/remote-jobs/all-others/online-data-analyst-united-states-spanish-speakers-2090946
Online Data Analyst Canada,TELUS Digital,Canada,"June 04, 2026",https://remotive.com/remote-jobs/all-others/online-data-analyst-canada-2090944
Freelance Writer,IAPWE,Worldwide,"June 04, 2026",https://remotive.com/remote-jobs/writing/freelance-writer-1185979
Head of Sales,The Land Geek,Worldwide,"June 03, 2026",https://remotive.com/remote-jobs/sales/head-of-sales-2090943
Copywriter,Coalition Technologies,Worldwide,"June 02, 2026",https://remotive.com/remote-jobs/writing/copywriter-1749306
"Staff Software Engineer, Product (Belo Horizonte)",LawnStarter,Brazil,"June 02, 2026",https://remotive.com/remote-jobs/software-development/staff-software-engineer-product-belo-horizonte-2090910
"Staff Software Engineer, Product (Florianópolis)",LawnStarter,Brazil,"June 02, 2026",https://remotive.com/remote-jobs/software-development/staff-software-engineer-product-florianopolis-2090911
"Staff Software Engineer, Product (Porto Alegre)",LawnStarter,Brazil,"June 02, 2026",https://remotive.com/remote-jobs/software-development/staff-software-engineer-product-porto-alegre-2090909
"Staff Software Engineer, Product (São Paulo)",LawnStarter,Brazil,"June 02, 2026",https://remotive.com/remote-jobs/software-development/staff-software-engineer-product-sao-paulo-2090912
Customer Operations & Writing Specialist,"Clerky, Inc.",Worldwide,"June 02, 2026",https://remotive.com/remote-jobs/customer-service/customer-operations-writing-specialist-2090942
"Staff Software Engineer, Product (Campinas)",LawnStarter,Brazil,"June 02, 2026",https://remotive.com/remote-jobs/software-development/staff-software-engineer-product-campinas-2090913
